reading score,writing score,gender_male,race/ethnicity_group B,race/ethnicity_group C,race/ethnicity_group D,race/ethnicity_group E,parental level of education_bachelor's degree,parental level of education_high school,parental level of education_master's degree,parental level of education_some college,parental level of education_some high school,lunch_standard,test preparation course_none,math score
72,74,False,True,False,False,False,True,False,False,False,False,True,True,72
90,88,False,False,True,False,False,False,False,False,True,False,True,False,69
95,93,False,True,False,False,False,False,False,True,False,False,True,True,90
57,44,True,False,False,False,False,False,False,False,False,False,False,True,47
78,75,True,False,True,False,False,False,False,False,True,False,True,True,76
83,78,False,True,False,False,False,False,False,False,False,False,True,True,71
95,92,False,True,False,False,False,False,False,False,True,False,True,False,88
43,39,True,True,False,False,False,False,False,False,True,False,False,True,40
64,67,True,False,False,True,False,False,True,False,False,False,False,False,64
60,50,False,True,False,False,False,False,True,False,False,False,False,True,38
54,52,True,False,True,False,False,False,False,False,False,False,True,True,58
52,43,True,False,False,True,False,False,False,False,False,False,True,True,40
81,73,False,True,False,False,False,False,True,False,False,False,True,True,65
72,70,True,False,False,False,False,False,False,False,True,False,True,False,78
53,58,False,False,False,False,False,False,False,True,False,False,True,True,50
75,78,False,False,True,False,False,False,False,False,False,True,True,True,69
89,86,True,False,True,False,False,False,True,False,False,False,True,True,88
32,28,False,True,False,False,False,False,False,False,False,True,False,True,18
42,46,True,False,True,False,False,False,False,True,False,False,False,False,46
58,61,False,False,True,False,False,False,False,False,False,False,False,True,54
69,63,True,False,False,True,False,False,True,False,False,False,True,True,66
75,70,False,True,False,False,False,False,False,False,True,False,False,False,65
54,53,True,False,False,True,False,False,False,False,True,False,True,True,44
73,73,False,False,True,False,False,False,False,False,False,True,True,True,69
71,80,True,False,False,True,False,True,False,False,False,False,False,False,74
74,72,True,False,False,False,False,False,False,True,False,False,False,True,73
54,55,True,True,False,False,False,False,False,False,True,False,True,True,69
69,75,False,False,True,False,False,True,False,False,False,False,True,True,67
70,65,True,False,True,False,False,False,True,False,False,False,True,True,70
70,75,False,False,False,True,False,False,False,True,False,False,True,True,62
74,74,False,False,False,True,False,False,False,False,True,False,True,True,69
65,61,False,True,False,False,False,False,False,False,True,False,True,True,63
72,65,False,False,False,False,True,False,False,True,False,False,False,True,56
42,38,True,False,False,True,False,False,False,False,True,False,True,True,40
87,82,True,False,False,False,True,False,False,False,True,False,True,True,97
81,79,True,False,False,False,True,False,False,False,False,False,True,False,81
81,83,False,False,False,True,False,False,False,False,False,False,True,True,74
64,59,False,False,False,True,False,False,False,False,False,True,False,True,50
90,88,False,False,False,True,False,False,False,False,False,False,False,False,75
56,57,True,True,False,False,False,False,False,False,False,False,False,True,57
61,54,True,False,True,False,False,False,False,False,False,False,False,True,55
73,68,False,False,True,False,False,False,False,False,False,False,True,True,58
58,65,False,True,False,False,False,False,False,False,False,False,True,True,53
65,66,True,True,False,False,False,False,False,False,True,False,False,False,59
56,54,False,False,False,False,True,False,False,False,False,False,False,True,50
54,57,True,True,False,False,False,False,False,False,False,False,True,True,65
65,62,False,False,False,False,False,False,False,False,False,False,True,False,55
71,76,False,False,True,False,False,False,True,False,False,False,True,True,66
74,76,False,False,False,True,False,False,False,False,False,False,False,False,57
84,82,True,False,True,False,False,False,True,False,False,False,True,False,82
55,48,True,False,False,False,True,False,False,False,True,False,True,True,53
69,68,True,False,False,False,True,False,False,False,False,False,False,False,77
44,42,True,False,True,False,False,False,False,False,True,False,True,True,53
78,75,True,False,False,True,False,False,True,False,False,False,True,True,88
84,87,False,False,True,False,False,False,False,False,False,True,False,False,71
41,43,False,False,True,False,False,False,True,False,False,False,False,True,33
85,86,False,False,False,False,True,False,False,False,False,False,True,False,82
55,49,True,False,False,True,False,False,False,False,False,False,True,True,52
59,58,True,False,False,True,False,False,False,False,True,False,True,False,58
17,10,False,False,True,False,False,False,False,False,False,True,False,True,0
74,72,True,False,False,False,True,True,False,False,False,False,False,False,79
39,34,True,False,False,False,False,False,False,False,False,True,False,True,39
61,55,True,False,False,False,False,False,False,False,False,False,False,True,62
80,71,False,False,True,False,False,False,False,False,False,False,True,True,69
58,59,False,False,False,True,False,False,False,False,False,True,True,True,59
64,61,True,True,False,False,False,False,False,False,False,True,True,True,67
37,37,True,False,False,True,False,False,False,False,False,True,False,True,45
72,74,False,False,True,False,False,False,False,False,True,False,True,True,60
58,56,True,True,False,False,False,False,False,False,False,False,False,True,61
64,57,False,False,True,False,False,False,False,False,False,False,True,True,39
63,73,False,False,False,True,False,False,False,False,True,False,False,False,58
55,63,True,False,False,True,False,False,False,False,True,False,True,False,63
51,48,False,False,False,False,False,False,False,False,False,False,False,True,41
57,56,True,False,True,False,False,False,False,False,False,True,False,True,61
49,41,True,False,True,False,False,False,False,False,False,True,True,True,49
41,38,True,True,False,False,False,False,False,False,False,False,False,True,44
26,22,True,False,False,False,True,False,False,False,False,True,True,True,30
78,81,True,False,False,False,False,True,False,False,False,False,True,False,80
74,72,False,False,False,True,False,False,False,False,False,True,True,False,61
68,68,False,False,False,False,True,False,False,True,False,False,True,True,62
49,50,False,True,False,False,False,False,False,False,False,False,True,True,47
45,45,True,True,False,False,False,False,True,False,False,False,False,True,49
47,54,True,False,False,False,False,False,False,False,True,False,False,False,50
64,63,True,False,False,False,True,False,False,False,False,False,True,True,72
39,34,True,False,False,True,False,False,True,False,False,False,False,True,42
80,82,False,False,True,False,False,False,False,False,True,False,True,True,73
83,88,False,False,True,False,False,False,False,False,True,False,False,True,76
71,74,False,False,False,True,False,False,False,False,False,False,True,True,71
70,67,False,False,False,False,False,False,False,False,True,False,True,True,58
86,82,False,False,False,True,False,False,False,False,False,True,True,True,73
72,74,False,False,True,False,False,True,False,False,False,False,True,True,65
34,36,True,False,True,False,False,False,True,False,False,False,False,True,27
79,71,True,False,True,False,False,False,True,False,False,False,True,True,71
45,50,True,False,True,False,False,False,False,False,False,False,False,False,43
86,92,False,True,False,False,False,False,False,False,True,False,True,True,79
81,82,True,False,True,False,False,False,False,False,False,False,False,False,78
66,62,True,True,False,False,False,False,False,False,False,True,True,False,65
72,70,False,False,False,False,True,False,False,False,True,False,True,False,63
67,62,False,False,False,True,False,False,False,False,True,False,False,True,58
67,62,False,False,False,True,False,True,False,False,False,False,True,True,65
67,67,True,True,False,False,False,False,False,False,True,False,True,True,79
74,74,True,False,False,True,False,True,False,False,False,False,True,False,68
91,89,False,False,False,True,False,False,False,False,False,False,True,True,85
44,47,True,True,False,False,False,False,True,False,False,False,True,False,60
86,90,True,False,True,False,False,False,False,False,True,False,True,False,98
67,72,False,False,True,False,False,False,False,False,True,False,True,True,58
100,100,False,False,False,True,False,False,False,True,False,False,True,True,87
63,64,True,False,False,False,True,False,False,False,False,False,True,False,66
76,70,False,True,False,False,False,False,False,False,False,False,False,True,52
64,72,False,True,False,False,False,False,False,False,False,True,True,True,70
89,98,False,False,False,True,False,False,False,False,False,False,False,False,77
55,49,True,False,True,False,False,False,True,False,False,False,True,True,62
53,47,True,False,False,False,False,False,False,False,False,False,True,True,54
58,54,False,False,False,True,False,False,False,False,True,False,True,True,51
100,100,False,False,False,False,True,True,False,False,False,False,True,False,99
77,74,True,False,True,False,False,False,True,False,False,False,True,True,84
85,82,False,True,False,False,False,True,False,False,False,False,False,True,75
82,79,False,False,False,True,False,True,False,False,False,False,True,True,78
63,61,False,False,False,True,False,False,False,False,False,True,True,True,51
69,65,False,False,True,False,False,False,False,False,True,False,True,True,55
92,89,False,False,True,False,False,True,False,False,False,False,True,False,79
89,92,True,True,False,False,False,False,False,False,False,False,True,False,91
93,93,False,False,True,False,False,False,False,False,True,False,True,False,88
57,56,True,False,False,True,False,False,True,False,False,False,False,True,63
80,73,True,False,False,False,True,False,False,False,True,False,True,True,83
95,86,False,True,False,False,False,False,True,False,False,False,True,True,87
68,67,True,True,False,False,False,False,False,False,False,True,True,True,72
77,74,True,False,False,True,False,False,False,False,True,False,True,False,65
82,74,True,False,False,True,False,False,False,True,False,False,True,True,82
49,51,False,False,False,False,False,True,False,False,False,False,True,True,51
84,82,True,False,False,True,False,False,False,True,False,False,True,True,89
37,40,True,False,True,False,False,False,False,False,False,True,False,False,53
74,70,True,False,False,False,True,False,False,False,True,False,False,False,87
81,84,False,False,True,False,False,False,False,False,True,False,True,False,75
79,75,True,False,False,True,False,True,False,False,False,False,False,False,74
55,48,True,False,True,False,False,True,False,False,False,False,True,True,58
54,41,True,True,False,False,False,False,False,False,False,True,True,False,51
55,56,True,False,False,False,True,False,True,False,False,False,True,True,70
66,67,False,False,True,False,False,False,False,False,False,False,True,True,59
61,69,True,False,False,True,False,False,False,False,True,False,True,False,71
72,71,False,False,False,True,False,False,False,False,False,True,True,True,76
62,64,False,False,True,False,False,False,False,False,True,False,False,True,59
55,54,False,False,False,False,True,False,False,False,True,False,False,False,42
43,47,True,False,False,False,False,False,True,False,False,False,True,True,57
73,78,True,False,False,True,False,False,False,False,True,False,True,True,88
39,33,False,False,True,False,False,False,False,False,True,False,False,True,22
84,75,True,True,False,False,False,False,False,False,False,True,True,True,88
68,66,True,False,True,False,False,False,False,False,False,False,False,True,73
75,81,False,False,False,True,False,True,False,False,False,False,True,False,68
100,93,True,False,False,False,True,False,False,False,False,False,False,False,100
67,69,True,False,False,False,False,False,False,False,False,True,True,False,62
67,68,True,False,False,False,False,True,False,False,False,False,True,True,77
70,66,False,True,False,False,False,False,False,False,False,False,True,False,59
49,47,True,False,False,True,False,True,False,False,False,False,True,True,54
67,61,True,False,False,True,False,False,False,False,False,True,True,True,62
89,88,False,False,True,False,False,False,False,False,True,False,True,False,70
74,78,False,False,False,False,True,False,True,False,False,False,False,False,66
60,60,True,True,False,False,False,False,False,False,True,False,False,True,60
86,87,False,True,False,False,False,False,False,False,False,False,True,False,61
62,64,True,False,False,True,False,False,False,False,False,False,False,True,66
78,74,True,True,False,False,False,False,False,False,False,False,False,False,82
88,85,False,False,False,False,True,False,False,False,True,False,False,False,75
53,52,True,True,False,False,False,False,False,True,False,False,False,True,49
53,49,True,False,True,False,False,False,True,False,False,False,True,True,52
92,91,False,False,False,False,True,False,False,True,False,False,True,True,81
100,100,False,False,True,False,False,True,False,False,False,False,True,False,96
51,51,True,False,True,False,False,False,True,False,False,False,False,False,53
76,78,False,True,False,False,False,False,False,True,False,False,False,False,58
83,78,False,True,False,False,False,False,True,False,False,False,True,False,68
75,70,False,False,True,False,False,False,False,False,True,False,False,False,67
73,74,True,False,False,False,False,False,True,False,False,False,True,False,72
88,78,True,False,False,False,True,False,False,False,False,True,True,True,94
86,81,False,False,False,True,False,False,False,False,True,False,True,True,79
67,70,False,False,True,False,False,False,False,False,False,False,True,True,63
51,54,False,False,True,False,False,True,False,False,False,False,False,False,43
91,87,False,False,True,False,False,False,False,True,False,False,True,False,81
54,58,False,True,False,False,False,False,True,False,False,False,False,False,46
77,77,False,False,True,False,False,False,False,False,False,False,True,False,71
70,62,False,True,False,False,False,False,False,True,False,False,False,False,52
100,100,False,False,False,True,False,False,False,False,False,True,True,False,97
68,75,True,False,True,False,False,False,False,True,False,False,False,False,62
64,66,False,False,True,False,False,False,False,False,True,False,False,True,46
50,47,False,False,False,False,True,False,True,False,False,False,True,True,50
69,70,False,False,False,True,False,False,False,False,False,False,True,True,65
52,49,True,False,True,False,False,False,False,False,False,True,False,False,45
67,65,True,False,True,False,False,False,False,False,False,False,False,False,65
76,65,True,False,False,False,True,False,True,False,False,False,True,True,80
66,68,True,False,False,True,False,False,False,False,False,True,True,False,62
52,45,True,True,False,False,False,False,False,False,False,True,False,True,48
88,87,False,False,True,False,False,True,False,False,False,False,True,True,77
65,69,False,False,False,False,True,False,False,False,False,False,True,True,66
83,79,True,False,False,True,False,False,False,False,True,False,True,False,76
64,66,False,True,False,False,False,False,False,False,False,True,True,True,62
62,62,True,False,False,True,False,False,False,False,True,False,True,False,77
84,85,False,False,True,False,False,False,False,True,False,False,True,False,69
55,52,True,False,False,True,False,False,False,False,False,False,True,True,61
69,65,True,False,True,False,False,False,False,False,False,True,False,False,59
56,51,True,False,False,False,True,False,True,False,False,False,False,True,55
53,55,False,True,False,False,False,False,False,False,True,False,False,True,45
79,76,False,True,False,False,False,True,False,False,False,False,False,True,78
84,86,False,False,True,False,False,False,False,False,False,False,True,False,67
81,77,False,False,False,True,False,False,False,False,True,False,False,True,65
77,69,True,False,True,False,False,False,False,False,False,False,True,True,69
69,68,False,True,False,False,False,False,False,False,False,False,True,True,57
41,42,True,False,True,False,False,False,False,False,True,False,True,True,59
71,78,True,False,False,True,False,False,False,False,False,True,True,False,74
62,62,True,False,False,False,True,True,False,False,False,False,True,True,82
80,76,True,False,False,False,True,False,True,False,False,False,True,False,81
81,76,False,True,False,False,False,False,False,False,True,False,False,True,74
61,66,False,True,False,False,False,False,False,False,True,False,False,True,58
79,79,True,False,False,True,False,False,False,False,False,True,False,False,80
28,27,True,False,True,False,False,False,False,False,True,False,False,True,35
62,60,False,False,True,False,False,False,True,False,False,False,False,True,42
51,56,True,False,True,False,False,False,False,False,False,False,False,False,60
91,81,True,False,False,False,True,False,True,False,False,False,True,False,87
83,75,True,True,False,False,False,False,False,False,False,True,True,False,84
86,88,False,False,False,False,True,False,False,False,False,False,False,False,83
42,39,False,False,True,False,False,False,True,False,False,False,False,True,34
77,70,True,True,False,False,False,False,True,False,False,False,False,True,66
56,56,True,True,False,False,False,False,False,False,False,True,True,False,61
68,74,False,False,False,True,False,False,True,False,False,False,True,False,56
85,73,True,True,False,False,False,False,False,False,False,False,True,True,87
65,62,False,False,True,False,False,False,False,False,False,True,False,True,55
80,75,True,False,False,True,False,False,False,False,False,True,True,True,86
66,73,False,True,False,False,False,False,False,False,False,False,True,False,52
56,54,False,False,False,False,True,False,False,True,False,False,False,True,45
72,71,False,False,True,False,False,False,False,False,True,False,True,True,72
50,54,True,False,False,True,False,False,True,False,False,False,True,True,57
72,64,True,False,False,False,False,False,False,False,False,True,False,True,68
95,94,False,False,True,False,False,False,False,False,True,False,True,False,88
64,66,True,False,False,True,False,False,False,False,True,False,True,True,76
43,42,True,False,True,False,False,False,False,False,False,False,True,True,46
86,83,False,True,False,False,False,True,False,False,False,False,True,True,67
87,78,True,False,False,False,True,False,False,False,False,True,True,True,92
82,84,True,False,True,False,False,True,False,False,False,False,True,False,83
75,77,True,False,False,True,False,False,False,False,False,False,True,True,80
66,67,True,False,False,True,False,True,False,False,False,False,False,True,63
60,74,False,False,False,True,False,False,False,False,False,True,True,False,64
52,51,True,True,False,False,False,False,False,False,True,False,True,True,54
80,80,True,False,True,False,False,False,False,False,False,False,True,True,84
68,66,True,False,False,True,False,False,True,False,False,False,False,False,73
83,83,False,False,False,False,True,True,False,False,False,False,True,True,80
52,55,False,False,False,True,False,False,True,False,False,False,True,True,56
51,43,True,False,False,False,True,False,False,False,True,False,True,True,59
74,69,True,False,False,True,False,False,False,False,False,True,True,True,75
76,71,True,False,True,False,False,False,False,False,False,False,True,True,85
76,74,True,False,False,False,True,False,False,False,False,False,True,True,89
70,68,False,True,False,False,False,False,True,False,False,False,True,False,58
64,62,False,True,False,False,False,False,True,False,False,False,True,True,65
60,53,True,False,True,False,False,False,True,False,False,False,True,True,68
49,49,True,False,False,False,False,False,False,False,False,True,True,False,47
83,83,False,False,False,True,False,False,False,False,True,False,False,True,71
70,70,False,True,False,False,False,False,False,False,False,True,True,False,60
80,72,True,False,False,True,False,False,False,True,False,False,True,True,80
52,52,True,False,False,True,False,False,True,False,False,False,True,True,54
73,70,False,False,False,False,True,False,False,False,True,False,True,True,62
73,68,False,False,True,False,False,False,False,False,False,False,False,True,64
77,77,True,False,True,False,False,False,False,False,False,False,True,False,78
75,78,False,True,False,False,False,False,False,False,True,False,True,True,70
81,81,False,False,True,False,False,False,False,True,False,False,False,False,65
79,77,False,False,True,False,False,False,False,False,False,True,False,False,64
79,78,True,False,True,False,False,False,False,False,True,False,True,False,79
50,51,False,False,True,False,False,False,False,False,False,True,False,True,44
93,90,False,False,False,False,True,False,True,False,False,False,True,True,99
73,68,True,False,False,True,False,False,True,False,False,False,True,True,76
42,41,True,False,False,True,False,False,False,False,False,True,False,True,59
75,81,False,False,True,False,False,True,False,False,False,False,True,True,63
72,77,False,False,False,True,False,False,True,False,False,False,True,True,69
92,95,False,False,False,True,False,False,False,False,False,False,True,False,88
76,70,False,False,False,False,True,False,False,False,True,False,False,True,71
63,61,True,False,True,False,False,True,False,False,False,False,True,True,69
49,42,True,False,True,False,False,False,False,False,True,False,True,True,58
53,58,False,False,False,True,False,False,False,False,False,False,False,True,47
70,71,False,False,False,True,False,False,False,False,True,False,True,True,65
85,76,True,True,False,False,False,False,False,False,True,False,True,False,88
78,73,True,False,True,False,False,True,False,False,False,False,True,True,83
92,93,False,False,True,False,False,False,False,False,False,True,True,False,85
63,75,False,False,False,False,True,False,True,False,False,False,True,False,59
86,80,False,False,True,False,False,False,False,False,False,True,False,True,65
56,57,True,True,False,False,False,True,False,False,False,False,False,True,73
52,42,True,False,False,True,False,False,True,False,False,False,True,True,53
48,46,True,False,False,True,False,False,True,False,False,False,True,True,45
79,84,False,False,False,True,False,True,False,False,False,False,False,True,73
78,78,False,False,False,True,False,False,False,False,True,False,False,False,70
46,46,False,True,False,False,False,False,False,False,False,True,True,True,37
82,82,True,True,False,False,False,False,False,False,False,False,True,False,81
82,88,True,False,False,False,True,False,False,False,False,False,True,False,97
89,82,False,True,False,False,False,False,False,False,False,True,True,True,67
75,76,True,True,False,False,False,True,False,False,False,False,False,True,88
76,77,True,False,False,False,True,False,False,False,False,True,True,False,77
70,68,True,False,True,False,False,False,False,False,False,False,True,True,76
73,70,True,False,False,True,False,False,False,False,False,True,True,True,86
60,57,True,False,True,False,False,False,False,False,False,True,True,False,63
73,75,False,False,False,False,True,True,False,False,False,False,True,True,65
77,80,True,False,False,True,False,False,True,False,False,False,False,False,78
62,60,True,True,False,False,False,False,False,False,False,False,False,True,67
41,43,True,False,False,False,False,False,False,False,False,True,True,False,46
74,68,True,False,False,False,True,False,False,False,False,False,True,False,71
46,50,True,False,True,False,False,False,True,False,False,False,False,False,40
87,75,True,False,False,True,False,False,False,False,False,False,False,True,90
78,81,True,False,False,False,False,False,False,False,True,False,False,False,81
54,52,True,False,False,True,False,False,False,False,False,True,False,True,56
84,81,False,False,True,False,False,False,False,False,False,False,True,False,67
76,64,True,True,False,False,False,False,False,False,False,False,True,True,80
75,83,False,False,True,False,False,False,False,False,False,False,True,False,74
67,69,True,False,False,False,False,False,False,False,True,False,True,True,69
87,81,True,False,False,False,True,False,False,False,True,False,True,False,99
52,44,True,False,True,False,False,False,False,False,False,True,True,True,51
71,67,False,True,False,False,False,False,False,False,False,False,False,True,53
57,52,False,False,False,True,False,False,True,False,False,False,False,True,49
76,80,False,True,False,False,False,False,False,False,False,False,True,True,73
60,57,True,True,False,False,False,True,False,False,False,False,True,True,66
61,68,True,False,False,True,False,True,False,False,False,False,True,False,67
67,69,False,False,True,False,False,False,False,False,False,False,False,False,68
64,75,False,False,True,False,False,True,False,False,False,False,True,False,59
66,65,True,False,True,False,False,False,True,False,False,False,True,True,71
82,91,False,False,False,True,False,False,False,True,False,False,True,False,77
72,78,True,False,True,False,False,False,False,False,False,False,True,True,83
71,69,True,True,False,False,False,True,False,False,False,False,True,True,63
65,63,False,False,False,True,False,False,False,False,False,False,False,True,56
79,84,False,False,True,False,False,False,True,False,False,False,False,False,67
86,79,False,False,False,False,True,False,True,False,False,False,True,True,75
81,80,False,False,True,False,False,False,False,False,True,False,True,True,71
53,53,False,False,True,False,False,False,False,False,False,True,False,True,43
46,43,False,False,True,False,False,False,True,False,False,False,False,True,41
90,94,False,False,True,False,False,False,False,False,True,False,True,True,82
61,62,True,False,True,False,False,False,False,False,True,False,True,True,61
23,19,True,False,False,False,False,False,False,False,True,False,False,True,28
75,77,True,False,True,False,False,False,False,False,False,False,True,False,82
55,51,False,True,False,False,False,False,False,False,False,True,True,True,41
60,61,True,False,True,False,False,False,True,False,False,False,True,True,71
37,35,True,False,True,False,False,False,False,False,False,False,True,True,47
56,53,True,False,False,False,True,False,False,False,False,False,True,False,62
78,81,True,True,False,False,False,False,False,False,False,False,True,True,90
93,95,False,False,True,False,False,True,False,False,False,False,True,True,83
68,66,False,True,False,False,False,False,False,False,True,False,False,True,61
70,69,True,False,False,True,False,False,False,False,False,True,True,False,76
51,43,True,False,True,False,False,False,False,False,False,False,True,True,49
38,27,False,True,False,False,False,False,False,False,False,True,False,True,24
55,60,False,False,False,True,False,False,False,False,False,True,False,False,35
61,52,True,False,True,False,False,False,True,False,False,False,False,True,58
73,63,False,False,True,False,False,False,True,False,False,False,True,True,61
76,74,False,True,False,False,False,False,True,False,False,False,True,False,69
72,67,True,False,False,True,False,False,False,False,False,False,True,False,67
73,67,True,False,False,True,False,False,False,False,True,False,True,True,79
80,75,False,False,True,False,False,False,True,False,False,False,True,True,72
61,57,True,True,False,False,False,False,False,False,True,False,True,True,62
94,95,False,False,True,False,False,True,False,False,False,False,True,False,77
74,66,True,False,False,True,False,False,True,False,False,False,False,True,75
74,76,True,False,False,False,True,False,False,False,False,False,True,True,87
65,69,False,True,False,False,False,True,False,False,False,False,True,True,52
57,52,True,False,False,False,True,False,False,False,True,False,True,True,66
78,80,False,False,True,False,False,False,False,False,True,False,True,False,63
58,57,False,False,True,False,False,False,False,False,False,False,True,True,46
71,70,False,False,True,False,False,False,False,False,True,False,True,True,59
72,70,False,True,False,False,False,True,False,False,False,False,True,True,61
61,61,True,False,False,False,False,False,False,False,False,False,True,True,63
66,69,False,False,True,False,False,False,False,False,True,False,False,False,42
62,61,True,False,False,True,False,False,False,False,True,False,False,True,59
90,89,False,False,False,True,False,False,False,False,True,False,True,True,80
62,59,False,True,False,False,False,False,True,False,False,False,True,True,58
84,78,True,True,False,False,False,False,False,False,False,True,True,False,85
58,58,False,False,True,False,False,False,False,False,True,False,True,True,52
34,32,False,False,False,True,False,False,False,False,False,True,False,True,27
60,58,True,False,True,False,False,False,False,False,True,False,True,True,59
58,60,True,False,False,False,False,True,False,False,False,False,False,False,49
58,53,True,False,True,False,False,False,True,False,False,False,True,False,69
66,61,True,False,True,False,False,True,False,False,False,False,False,True,61
64,58,False,False,False,False,False,False,False,False,False,True,False,True,44
84,85,False,False,False,True,False,False,False,False,False,True,True,True,73
77,71,True,False,False,False,True,False,False,False,True,False,True,True,84
73,70,False,False,True,False,False,False,False,False,True,False,False,False,45
74,72,True,False,False,True,False,False,False,False,False,True,True,True,74
97,96,False,False,False,True,False,False,False,False,True,False,True,False,82
70,73,False,False,False,True,False,True,False,False,False,False,True,True,59
43,41,True,False,False,False,True,False,False,False,False,False,False,True,46
90,82,False,False,False,True,False,False,False,False,False,True,True,True,80
95,100,False,False,False,True,False,False,False,True,False,False,False,False,85
83,77,False,False,False,False,False,False,False,False,False,True,True,True,71
64,62,True,False,False,False,False,True,False,False,False,False,True,True,66
86,83,False,True,False,False,False,False,False,False,False,False,True,True,80
100,95,True,False,True,False,False,False,False,False,False,False,True,False,87
81,71,True,False,True,False,False,False,False,True,False,False,False,True,79
49,45,False,False,False,False,True,False,False,False,False,True,False,True,38
43,43,False,False,False,False,False,False,False,False,False,True,False,True,38
76,75,False,False,False,False,True,False,False,False,True,False,True,True,67
73,70,False,False,False,False,True,True,False,False,False,False,True,True,64
78,67,False,False,True,False,False,False,False,False,False,False,False,True,57
64,64,False,False,False,True,False,False,True,False,False,False,True,True,62
70,75,True,False,False,True,False,False,False,True,False,False,True,True,73
67,59,True,False,False,False,True,False,False,False,False,True,False,False,73
68,77,False,False,False,True,False,False,False,False,True,False,True,True,77
67,67,True,False,False,False,True,False,False,False,True,False,True,True,76
54,56,True,False,True,False,False,False,False,False,False,False,True,False,57
74,77,False,False,True,False,False,False,False,False,False,True,True,False,65
45,41,True,False,False,False,False,False,True,False,False,False,False,True,48
67,63,False,True,False,False,False,False,True,False,False,False,False,True,50
89,95,False,False,True,False,False,False,False,False,False,False,True,True,85
63,57,True,True,False,False,False,False,False,False,False,True,True,True,74
59,54,True,False,False,True,False,False,False,False,False,True,True,True,60
54,67,False,False,True,False,False,False,False,False,False,True,True,False,59
43,43,True,False,False,False,False,False,False,False,True,False,True,True,53
65,55,False,False,False,False,False,False,False,False,True,False,False,True,49
99,100,False,False,False,True,False,False,True,False,False,False,True,False,88
59,62,False,False,True,False,False,False,True,False,False,False,True,True,54
73,68,False,False,True,False,False,False,False,False,False,True,True,True,63
65,63,True,True,False,False,False,False,False,False,False,False,True,False,65
80,77,False,True,False,False,False,False,False,False,False,False,True,True,82
57,56,False,False,False,True,False,False,True,False,False,False,False,False,52
84,85,True,False,False,True,False,False,False,False,False,False,True,False,87
71,74,False,False,False,True,False,False,False,True,False,False,True,False,70
83,78,True,False,False,False,True,False,False,False,True,False,True,False,84
66,60,True,False,False,True,False,False,False,False,False,False,True,True,71
67,67,True,True,False,False,False,False,False,False,False,True,True,False,63
72,79,False,False,True,False,False,True,False,False,False,False,False,False,51
73,69,True,False,False,False,True,False,True,False,False,False,True,True,84
74,68,True,False,True,False,False,True,False,False,False,False,True,False,71
73,67,True,False,True,False,False,False,False,False,False,False,True,True,74
59,62,True,False,False,True,False,False,False,False,True,False,True,True,68
56,54,True,False,False,False,True,False,True,False,False,False,False,False,57
93,93,False,False,True,False,False,False,False,False,False,False,False,False,82
58,64,False,False,False,True,False,False,True,False,False,False,True,False,57
58,67,False,False,False,True,False,False,False,True,False,False,False,False,47
85,80,False,False,False,False,False,False,False,False,False,True,True,False,59
39,34,True,True,False,False,False,False,False,False,True,False,False,True,41
67,62,False,False,True,False,False,False,False,False,True,False,False,True,62
83,86,True,False,True,False,False,True,False,False,False,False,True,True,86
71,65,True,False,True,False,False,False,False,False,False,True,False,True,69
59,53,True,False,False,False,False,False,False,False,False,True,False,True,65
63,54,True,False,True,False,False,False,False,False,False,True,False,True,68
66,59,True,False,True,False,False,False,False,False,False,False,False,True,64
72,70,False,False,True,False,False,False,True,False,False,False,True,True,61
56,55,True,False,True,False,False,False,True,False,False,False,True,True,61
59,50,False,False,False,False,False,False,False,False,False,True,False,True,47
66,66,True,False,True,False,False,False,False,False,False,True,True,True,73
48,53,True,False,True,False,False,False,False,False,True,False,False,False,50
68,64,True,False,False,True,False,False,False,False,False,False,True,True,75
66,73,True,False,False,True,False,False,False,False,False,False,False,True,75
56,51,True,False,True,False,False,False,True,False,False,False,True,True,70
88,82,True,False,False,True,False,False,False,False,False,True,True,False,89
81,79,False,False,True,False,False,False,False,False,True,False,True,False,67
81,80,False,False,False,True,False,False,True,False,False,False,True,True,78
73,69,False,False,False,False,False,False,False,False,False,True,False,True,59
83,76,False,True,False,False,False,False,False,False,False,False,True,True,73
82,73,True,False,False,False,False,False,False,False,False,True,False,True,79
74,77,False,False,True,False,False,False,False,False,False,True,True,False,67
66,60,True,False,False,True,False,False,False,False,True,False,False,True,69
81,80,True,False,True,False,False,False,True,False,False,False,True,False,86
46,42,True,True,False,False,False,False,True,False,False,False,True,True,47
73,72,True,True,False,False,False,False,False,False,False,False,True,True,81
85,85,False,False,True,False,False,False,False,False,True,False,False,False,64
92,97,False,False,False,False,True,False,False,False,True,False,True,True,100
77,74,False,False,True,False,False,False,False,False,False,False,False,True,65
58,49,True,False,True,False,False,False,False,False,True,False,False,True,65
61,62,False,False,True,False,False,False,False,False,False,False,False,True,53
56,47,True,False,True,False,False,True,False,False,False,False,False,True,37
89,89,False,False,False,True,False,True,False,False,False,False,True,True,79
54,48,True,False,False,True,False,False,False,False,False,False,False,True,53
100,100,False,False,False,False,True,True,False,False,False,False,True,True,100
65,68,True,True,False,False,False,False,True,False,False,False,True,False,72
58,55,True,False,True,False,False,True,False,False,False,False,False,True,53
54,45,True,True,False,False,False,False,False,False,True,False,False,True,54
70,76,False,False,False,False,True,False,False,False,True,False,True,True,71
90,91,False,False,True,False,False,False,False,False,True,False,False,True,77
58,62,True,False,False,False,False,True,False,False,False,False,True,False,75
87,91,False,False,True,False,False,False,False,False,True,False,True,True,84
31,38,False,False,False,True,False,False,False,False,False,False,False,True,26
67,65,True,False,False,False,False,False,True,False,False,False,False,False,72
88,85,False,False,False,False,False,False,True,False,False,False,False,False,77
74,76,True,False,True,False,False,False,False,False,True,False,True,True,91
85,90,False,False,True,False,False,False,False,False,False,False,True,False,83
69,74,False,False,True,False,False,False,True,False,False,False,True,True,63
86,84,False,False,True,False,False,False,False,False,False,False,True,False,68
67,61,False,False,False,True,False,False,False,False,False,True,True,True,59
90,91,False,True,False,False,False,False,False,False,False,False,True,False,90
76,83,False,False,False,True,False,True,False,False,False,False,True,False,71
62,66,True,False,False,False,True,True,False,False,False,False,True,False,76
68,72,True,False,False,True,False,False,False,False,False,False,True,True,80
64,70,False,False,False,True,False,False,False,True,False,False,True,True,55
71,67,True,False,False,False,True,False,False,False,False,False,True,True,76
71,68,True,True,False,False,False,False,True,False,False,False,True,False,73
59,56,False,False,False,True,False,False,False,False,False,False,False,True,52
68,61,True,False,True,False,False,False,False,False,True,False,False,True,68
52,46,True,False,False,False,False,False,True,False,False,False,True,True,59
52,54,False,True,False,False,False,False,False,False,False,False,True,True,49
74,71,True,False,True,False,False,False,True,False,False,False,True,True,70
47,56,True,False,False,True,False,False,False,False,True,False,False,True,61
75,74,False,False,True,False,False,False,False,False,False,False,False,True,60
53,57,True,True,False,False,False,False,False,False,False,True,True,False,64
82,82,True,False,False,False,False,False,False,False,False,False,False,False,79
85,76,False,False,False,False,False,False,False,False,False,False,False,True,65
64,70,False,False,True,False,False,False,False,False,False,False,True,True,64
83,90,False,False,True,False,False,False,False,False,True,False,True,True,83
88,90,False,False,True,False,False,True,False,False,False,False,True,True,81
64,68,False,True,False,False,False,False,True,False,False,False,True,True,54
64,66,True,False,False,True,False,False,True,False,False,False,True,False,68
48,52,False,False,True,False,False,False,False,False,True,False,True,True,54
78,76,False,False,False,True,False,False,False,False,True,False,False,False,59
69,68,False,True,False,False,False,False,False,False,False,True,True,True,66
71,72,True,False,False,False,True,False,False,False,True,False,True,True,76
79,82,False,False,False,True,False,False,False,True,False,False,True,True,74
87,92,False,True,False,False,False,False,False,False,False,False,True,False,94
61,54,True,False,True,False,False,False,False,False,True,False,False,True,63
89,92,False,False,False,False,True,False,False,False,False,False,True,False,95
59,54,False,False,False,True,False,False,False,True,False,False,False,True,40
82,80,False,True,False,False,False,False,False,False,False,True,True,True,82
70,66,True,False,False,False,False,False,True,False,False,False,True,True,68
59,54,True,True,False,False,False,True,False,False,False,False,False,True,55
78,77,True,False,True,False,False,False,False,True,False,False,True,True,79
92,87,False,False,True,False,False,True,False,False,False,False,True,True,86
71,73,True,False,False,True,False,False,False,False,True,False,True,True,76
50,43,True,False,False,False,False,False,False,False,False,True,True,True,64
49,52,True,False,False,True,False,False,False,False,False,True,False,True,62
61,62,False,True,False,False,False,False,False,False,False,True,True,False,54
97,94,False,True,False,False,False,False,False,True,False,False,False,False,77
87,85,False,False,True,False,False,False,False,False,False,True,True,False,76
89,84,False,False,False,True,False,False,False,False,True,False,True,True,74
74,73,False,False,False,False,True,False,False,False,True,False,True,False,66
78,78,False,False,False,True,False,False,False,False,False,True,True,False,66
78,79,False,True,False,False,False,False,True,False,False,False,False,False,67
49,52,True,False,False,True,False,False,False,False,True,False,True,True,71
86,84,False,False,True,False,False,False,False,False,False,False,True,True,91
58,57,True,False,False,True,False,True,False,False,False,False,True,True,69
59,50,True,False,True,False,False,False,False,True,False,False,False,True,54
52,49,True,False,True,False,False,False,True,False,False,False,True,False,53
60,59,True,False,False,False,True,False,False,False,True,False,True,True,68
61,60,True,False,True,False,False,False,False,False,False,True,False,False,56
53,43,False,False,True,False,False,False,True,False,False,False,False,True,36
41,47,False,False,False,True,False,True,False,False,False,False,False,True,29
74,70,False,False,True,False,False,False,False,False,False,False,True,True,62
67,73,False,False,True,False,False,False,False,False,False,False,True,False,68
54,53,False,False,True,False,False,False,False,False,False,True,True,True,47
61,58,True,False,False,False,True,False,False,False,False,False,True,False,62
88,94,False,False,False,False,True,False,False,False,False,False,True,False,79
69,68,True,True,False,False,False,False,True,False,False,False,True,False,73
83,83,False,False,True,False,False,True,False,False,False,False,False,False,66
60,58,True,False,True,False,False,False,False,False,False,False,True,False,51
66,62,False,False,False,True,False,False,True,False,False,False,True,True,51
66,71,True,False,False,False,True,True,False,False,False,False,True,False,85
92,86,True,False,False,False,False,False,False,False,False,False,True,False,97
69,68,True,False,True,False,False,False,True,False,False,False,True,False,75
82,80,True,False,False,True,False,False,False,False,False,False,False,False,79
77,79,False,False,True,False,False,False,False,False,False,False,True,True,81
95,89,False,False,False,True,False,False,False,False,False,False,True,True,82
63,66,False,False,False,True,False,False,False,True,False,False,True,True,64
83,80,True,False,False,False,True,False,False,False,False,True,False,False,78
100,97,False,False,False,False,False,False,False,False,False,True,True,False,92
67,64,True,False,True,False,False,False,True,False,False,False,True,False,72
67,64,False,False,True,False,False,False,True,False,False,False,False,True,62
72,69,True,False,True,False,False,False,False,True,False,False,True,True,79
76,65,True,False,True,False,False,False,False,False,False,True,False,True,79
90,88,True,True,False,False,False,True,False,False,False,False,False,False,87
48,50,False,True,False,False,False,False,False,False,False,False,True,True,40
62,64,True,False,False,True,False,False,False,False,True,False,False,True,77
45,40,True,False,False,False,True,False,False,False,False,False,True,True,53
39,33,False,False,True,False,False,False,False,False,True,False,False,True,32
72,79,False,False,True,False,False,False,False,False,False,False,True,False,55
67,66,True,False,True,False,False,False,False,True,False,False,False,True,61
70,70,False,True,False,False,False,False,False,False,False,False,False,True,53
66,62,True,False,False,True,False,False,False,False,False,True,True,True,73
75,79,False,False,False,True,False,False,False,False,True,False,True,False,74
74,74,False,False,True,False,False,False,False,False,True,False,True,True,63
90,92,True,False,True,False,False,True,False,False,False,False,True,False,96
80,80,False,False,False,True,False,False,False,False,True,False,False,False,63
51,46,True,True,False,False,False,True,False,False,False,False,False,True,48
43,45,True,True,False,False,False,False,False,False,False,False,True,True,48
100,100,False,False,False,False,True,True,False,False,False,False,False,False,92
71,78,False,False,False,True,False,False,False,True,False,False,False,False,61
48,47,True,True,False,False,False,False,True,False,False,False,False,True,63
68,67,True,False,False,True,False,True,False,False,False,False,False,True,68
75,70,True,True,False,False,False,False,False,False,True,False,True,False,71
96,92,True,False,False,False,False,True,False,False,False,False,True,True,91
62,56,False,False,True,False,False,False,False,False,True,False,True,True,53
66,64,False,False,True,False,False,False,True,False,False,False,False,False,50
81,71,False,False,False,False,True,False,True,False,False,False,True,True,74
55,53,True,False,False,False,False,False,False,False,False,False,False,False,40
51,52,True,False,False,False,False,False,False,False,True,False,True,False,61
91,89,False,True,False,False,False,False,True,False,False,False,True,True,81
56,58,False,True,False,False,False,False,False,False,True,False,False,False,48
61,68,False,False,False,True,False,False,False,True,False,False,True,True,53
97,96,False,False,False,True,False,False,False,False,False,True,True,True,81
79,80,False,False,False,False,True,False,False,False,False,True,True,True,77
73,78,False,False,False,True,False,True,False,False,False,False,False,True,63
75,80,False,False,False,True,False,False,False,False,False,False,True,False,73
77,77,False,False,False,True,False,False,False,False,True,False,True,True,69
76,76,False,False,True,False,False,False,False,False,False,False,True,True,65
73,73,False,False,False,False,False,False,True,False,False,False,True,True,55
63,62,False,False,True,False,False,True,False,False,False,False,False,True,44
64,65,False,False,True,False,False,False,False,False,True,False,True,True,54
66,65,False,False,False,False,False,False,False,False,False,True,True,True,48
57,54,True,False,True,False,False,False,False,False,True,False,False,True,58
62,50,True,False,False,False,False,False,False,False,False,True,True,True,71
68,64,True,False,False,False,True,True,False,False,False,False,True,True,68
76,73,False,False,False,False,True,False,True,False,False,False,True,True,74
100,99,False,False,True,False,False,True,False,False,False,False,True,False,92
79,72,False,False,True,False,False,True,False,False,False,False,True,False,56
24,15,True,True,False,False,False,False,True,False,False,False,False,True,30
54,48,True,False,False,False,False,False,False,False,False,True,True,True,53
77,73,False,False,False,True,False,False,True,False,False,False,True,True,69
82,81,False,False,False,True,False,False,False,False,False,True,True,True,65
60,63,False,False,False,True,False,False,False,True,False,False,True,True,54
29,30,False,False,True,False,False,False,True,False,False,False,True,True,29
78,80,False,False,False,False,True,False,False,False,True,False,True,True,76
57,51,True,False,False,True,False,False,True,False,False,False,False,True,60
89,90,True,False,False,True,False,False,False,True,False,False,False,False,84
72,62,True,False,True,False,False,False,False,False,False,True,True,True,75
84,82,False,False,True,False,False,False,False,False,False,False,True,True,85
58,54,False,False,True,False,False,False,False,True,False,False,False,True,40
64,62,False,False,False,False,True,False,False,False,True,False,True,True,61
63,65,False,True,False,False,False,False,False,False,False,False,True,True,58
60,63,True,False,False,True,False,False,False,False,True,False,False,False,69
59,66,False,False,True,False,False,False,False,False,True,False,True,True,58
90,91,True,False,True,False,False,True,False,False,False,False,True,False,94
77,74,False,False,True,False,False,False,False,False,False,False,True,True,65
93,93,False,False,False,False,False,False,False,False,False,False,True,True,82
68,72,False,False,True,False,False,False,True,False,False,False,True,True,60
45,38,False,False,False,False,True,True,False,False,False,False,True,True,37
78,83,True,False,False,True,False,True,False,False,False,False,True,True,88
81,84,True,False,False,True,False,False,False,True,False,False,True,True,95
73,68,True,False,True,False,False,False,False,False,False,False,False,False,65
61,54,False,False,True,False,False,False,True,False,False,False,False,True,35
63,56,True,True,False,False,False,True,False,False,False,False,False,True,62
51,52,True,False,True,False,False,False,True,False,False,False,False,False,58
96,86,True,False,False,False,False,False,False,False,True,False,True,False,100
58,62,False,False,False,False,True,True,False,False,False,False,False,True,61
97,99,True,False,False,True,False,False,False,False,True,False,True,False,100
70,63,True,True,False,False,False,False,False,False,False,False,False,False,69
48,46,True,False,False,True,False,False,False,False,False,False,True,True,61
57,46,True,False,False,True,False,False,False,False,True,False,False,True,49
51,55,False,False,True,False,False,False,False,False,False,True,True,False,44
64,70,True,False,False,True,False,False,False,False,True,False,True,True,67
60,65,True,True,False,False,False,False,True,False,False,False,True,True,79
74,81,False,True,False,False,False,True,False,False,False,False,True,False,66
88,85,False,False,True,False,False,False,True,False,False,False,True,True,75
84,80,True,False,False,True,False,False,False,False,False,True,True,True,84
74,64,True,False,False,False,False,False,True,False,False,False,True,True,71
80,81,False,True,False,False,False,False,True,False,False,False,False,False,67
92,88,False,False,False,True,False,False,False,False,False,True,True,False,80
76,74,True,False,False,False,True,False,False,False,True,False,True,True,86
74,73,False,False,False,True,False,False,False,False,False,False,True,True,76
52,51,True,False,False,True,False,False,True,False,False,False,True,True,41
88,90,False,False,False,True,False,False,False,False,False,False,False,False,74
81,79,False,True,False,False,False,False,False,False,False,True,False,True,72
79,80,False,False,False,False,True,False,True,False,False,False,True,False,74
65,60,True,True,False,False,False,False,True,False,False,False,True,True,70
81,81,False,True,False,False,False,True,False,False,False,False,True,False,65
70,65,False,False,False,True,False,False,False,False,False,False,True,True,59
62,68,False,False,False,False,True,False,True,False,False,False,False,True,64
53,55,False,True,False,False,False,False,True,False,False,False,True,True,50
79,81,False,False,False,True,False,False,False,False,True,False,True,False,69
56,53,True,False,True,False,False,False,False,False,False,True,False,False,51
80,76,False,False,False,False,False,False,True,False,False,False,True,False,68
86,98,False,False,False,True,False,False,False,False,True,False,True,False,85
70,74,False,False,False,False,False,False,False,False,False,False,True,False,65
79,79,False,True,False,False,False,False,False,False,False,True,True,True,73
67,67,False,True,False,False,False,False,False,False,True,False,True,True,62
67,64,True,False,True,False,False,False,False,False,False,False,False,True,77
66,61,True,False,False,True,False,False,False,False,False,True,True,True,69
60,58,False,False,False,True,False,False,False,False,False,False,False,True,43
87,85,True,False,False,True,False,False,False,False,False,False,True,True,90
77,73,True,False,True,False,False,False,False,False,True,False,False,True,74
66,63,True,False,True,False,False,False,False,False,False,True,True,True,73
71,69,False,False,False,True,False,False,False,False,True,False,False,True,55
69,67,False,False,True,False,False,False,True,False,False,False,True,True,65
63,63,True,False,False,True,False,False,False,False,False,False,True,True,80
60,60,False,False,True,False,False,False,False,False,False,True,False,False,50
73,71,False,False,True,False,False,False,False,False,True,False,False,False,63
85,87,False,True,False,False,False,True,False,False,False,False,False,True,77
74,61,True,False,True,False,False,False,False,False,True,False,True,True,73
72,77,True,False,False,True,False,False,False,False,False,False,True,False,81
76,68,False,False,True,False,False,False,True,False,False,False,False,True,66
57,50,True,False,False,True,False,False,False,False,False,False,False,True,52
78,76,False,False,True,False,False,False,False,False,True,False,True,True,69
84,84,False,False,True,False,False,False,False,False,False,False,True,False,65
77,78,False,False,False,True,False,False,True,False,False,False,True,False,69
64,66,False,True,False,False,False,False,False,False,True,False,True,False,50
78,76,False,False,False,False,True,False,False,False,True,False,True,False,73
82,76,False,False,True,False,False,False,False,False,False,True,True,False,70
75,78,True,False,False,True,False,False,False,False,False,False,False,True,81
61,60,True,False,False,True,False,False,False,False,True,False,False,True,63
72,74,False,False,False,True,False,False,True,False,False,False,True,True,67
68,60,True,True,False,False,False,False,True,False,False,False,True,True,60
55,54,True,True,False,False,False,False,True,False,False,False,True,True,62
40,44,False,False,True,False,False,False,False,False,False,True,False,False,29
66,68,True,True,False,False,False,False,False,False,True,False,True,False,62
99,100,False,False,False,False,True,False,False,True,False,False,True,False,94
75,68,True,False,False,False,True,False,False,False,True,False,True,False,85
78,73,True,False,False,True,False,False,False,False,False,False,False,True,77
58,44,True,False,False,False,False,False,True,False,False,False,False,True,53
90,83,True,False,False,False,True,False,False,False,True,False,False,True,93
53,53,False,False,True,False,False,False,False,False,False,False,True,True,49
76,78,False,False,False,False,True,False,False,False,False,False,False,True,73
74,81,False,False,True,False,False,True,False,False,False,False,False,False,66
77,73,False,False,False,True,False,False,False,False,False,False,True,True,77
63,56,False,False,True,False,False,False,False,False,False,True,True,True,49
89,86,False,False,False,True,False,False,False,False,True,False,False,True,79
82,90,False,False,True,False,False,False,False,False,False,False,True,False,75
72,70,False,False,False,False,False,True,False,False,False,False,True,True,59
78,79,False,False,False,True,False,False,False,False,False,False,True,False,57
66,59,True,False,True,False,False,False,True,False,False,False,False,True,66
81,82,False,False,False,False,True,True,False,False,False,False,True,False,79
67,72,False,True,False,False,False,False,False,False,False,True,True,True,57
84,87,True,False,False,False,False,True,False,False,False,False,True,False,87
64,67,False,False,False,True,False,False,False,False,True,False,True,True,63
63,64,False,True,False,False,False,False,False,False,False,True,False,False,59
72,65,True,False,False,False,False,True,False,False,False,False,False,True,62
34,36,True,False,False,True,False,False,True,False,False,False,True,True,46
59,52,True,False,True,False,False,False,False,False,True,False,True,True,66
87,79,True,False,False,True,False,False,True,False,False,False,True,True,89
61,58,False,False,False,True,False,False,False,False,False,False,False,False,42
84,90,True,False,True,False,False,False,False,False,True,False,True,False,93
85,85,False,False,False,False,True,False,False,False,False,True,True,False,80
100,99,False,False,False,True,False,False,False,False,True,False,True,True,98
81,84,True,False,False,True,False,False,False,True,False,False,True,True,81
70,74,False,True,False,False,False,False,False,False,False,True,True,False,60
94,87,False,True,False,False,False,False,False,False,False,False,False,False,76
78,72,True,False,True,False,False,False,False,False,False,False,True,False,73
96,99,False,False,True,False,False,False,False,False,False,False,True,False,96
76,74,False,False,True,False,False,False,True,False,False,False,True,True,76
73,80,True,False,False,False,True,False,False,False,False,False,False,False,91
72,70,False,False,True,False,False,False,False,False,True,False,False,True,62
59,59,True,False,False,True,False,False,False,False,False,True,False,False,55
90,88,False,True,False,False,False,False,False,False,False,True,False,False,74
48,42,True,False,True,False,False,False,True,False,False,False,True,True,50
43,41,True,True,False,False,False,False,False,False,True,False,True,True,47
74,71,True,False,False,False,True,False,False,False,True,False,True,False,81
75,77,False,False,False,False,True,False,False,False,False,False,True,False,65
51,57,True,False,False,False,True,False,False,False,False,True,True,False,68
92,84,False,False,False,True,False,False,True,False,False,False,False,True,73
39,37,True,False,True,False,False,False,False,False,True,False,True,True,53
77,80,False,True,False,False,False,False,False,False,False,False,False,False,68
46,43,True,False,False,False,False,False,False,False,False,True,False,True,55
89,94,False,False,True,False,False,False,False,False,True,False,True,False,87
47,44,True,False,False,True,False,False,False,False,False,True,True,True,55
58,57,False,False,False,False,True,False,False,False,True,False,False,True,53
57,59,True,False,True,False,False,False,False,True,False,False,True,True,67
79,84,True,False,True,False,False,False,False,False,False,False,True,True,92
66,73,False,True,False,False,False,False,False,False,True,False,False,False,53
71,73,True,False,False,True,False,False,False,False,False,False,True,True,81
60,55,True,False,True,False,False,False,True,False,False,False,False,True,61
73,72,True,False,False,True,False,True,False,False,False,False,True,True,80
57,56,False,False,False,False,False,False,False,False,False,False,False,True,37
84,82,False,False,True,False,False,False,True,False,False,False,True,True,81
73,72,False,False,True,False,False,False,False,False,False,False,True,False,59
55,47,True,True,False,False,False,False,False,False,True,False,False,True,55
79,74,True,False,False,True,False,False,False,False,False,False,True,True,72
75,71,True,False,False,True,False,False,True,False,False,False,True,True,69
64,68,True,False,True,False,False,False,False,False,True,False,True,True,69
60,59,False,False,True,False,False,True,False,False,False,False,False,True,50
84,86,True,True,False,False,False,False,False,False,True,False,True,False,87
69,68,True,False,False,True,False,False,False,False,False,True,True,False,71
72,65,True,False,False,False,True,False,False,False,True,False,True,True,68
77,75,True,False,True,False,False,False,False,True,False,False,False,False,79
90,85,False,False,True,False,False,False,False,False,False,True,True,False,77
55,53,True,False,True,False,False,False,False,False,False,False,False,True,58
95,92,False,False,False,False,True,False,False,False,False,False,True,True,84
58,52,True,False,False,True,False,False,False,False,True,False,True,True,55
68,72,True,False,False,False,True,True,False,False,False,False,False,False,70
59,65,False,False,False,True,False,False,False,False,True,False,False,False,52
77,77,True,True,False,False,False,False,False,False,True,False,True,False,69
72,64,False,False,True,False,False,False,True,False,False,False,False,True,53
58,54,False,False,False,True,False,False,False,False,False,True,True,True,48
81,86,True,False,False,True,False,False,False,False,False,True,True,False,78
62,63,False,True,False,False,False,False,True,False,False,False,True,True,62
63,59,True,False,False,True,False,False,False,False,True,False,True,True,60
72,72,False,True,False,False,False,False,True,False,False,False,True,True,74
75,77,False,False,True,False,False,False,True,False,False,False,True,False,58
62,60,True,True,False,False,False,False,True,False,False,False,True,False,76
71,75,False,False,False,True,False,False,False,False,False,True,True,True,68
60,57,True,False,False,False,False,False,False,False,True,False,False,True,58
48,49,True,True,False,False,False,False,True,False,False,False,True,True,52
73,74,True,False,False,True,False,True,False,False,False,False,True,True,75
67,72,False,True,False,False,False,False,False,False,False,True,False,False,52
78,79,False,False,True,False,False,True,False,False,False,False,False,True,62
65,60,True,True,False,False,False,False,False,False,True,False,True,True,66
58,55,False,True,False,False,False,False,False,False,False,True,False,True,49
72,70,False,True,False,False,False,False,True,False,False,False,True,True,66
44,43,False,False,True,False,False,False,False,False,True,False,False,True,35
79,82,False,False,False,False,False,False,False,False,True,False,True,False,72
85,82,True,False,False,False,True,False,False,False,False,False,True,False,94
56,57,False,False,False,True,False,False,False,False,False,False,False,True,46
90,84,False,True,False,False,False,False,False,True,False,False,True,True,77
85,82,False,True,False,False,False,False,True,False,False,False,False,False,76
59,62,False,False,True,False,False,False,False,False,False,False,True,False,52
81,79,True,False,True,False,False,True,False,False,False,False,True,False,91
51,44,False,True,False,False,False,False,False,False,False,True,True,False,32
79,77,False,False,False,False,True,False,False,False,False,True,False,True,72
38,32,False,True,False,False,False,False,False,False,True,False,True,True,19
65,61,True,False,True,False,False,False,False,False,False,False,False,True,68
65,61,False,False,True,False,False,False,False,True,False,False,False,True,52
62,60,False,True,False,False,False,False,True,False,False,False,True,True,48
66,70,False,False,False,True,False,False,False,False,True,False,False,True,60
74,69,True,False,False,True,False,False,True,False,False,False,False,True,66
84,77,True,False,False,False,True,False,False,False,False,True,True,False,89
52,51,False,True,False,False,False,False,True,False,False,False,True,True,42
68,73,False,False,False,False,True,False,False,False,False,False,False,False,57
70,70,True,False,False,True,False,False,True,False,False,False,True,True,70
84,81,False,False,False,False,True,False,False,False,False,False,False,True,70
60,54,True,False,False,False,True,False,False,False,True,False,True,True,69
55,57,False,False,True,False,False,False,False,False,False,False,True,True,52
73,68,True,False,True,False,False,False,False,False,False,True,True,False,67
80,73,True,False,True,False,False,False,False,False,False,True,True,False,76
94,95,False,False,False,False,True,False,False,False,False,False,True,True,87
85,87,False,True,False,False,False,False,False,False,True,False,True,True,82
76,78,False,False,True,False,False,False,False,False,True,False,True,True,73
81,74,True,False,False,False,False,False,False,False,True,False,False,True,75
74,75,False,False,False,True,False,False,False,False,True,False,False,True,64
45,40,False,False,False,False,True,False,True,False,False,False,False,True,41
75,69,True,False,True,False,False,False,True,False,False,False,True,True,90
54,51,True,True,False,False,False,True,False,False,False,False,True,True,59
31,36,True,False,False,False,False,False,False,False,False,True,True,True,51
47,49,True,False,False,False,False,False,True,False,False,False,False,True,45
64,67,False,False,True,False,False,False,False,True,False,False,True,False,54
84,76,True,False,False,False,True,False,False,False,False,True,True,False,87
80,83,False,False,True,False,False,False,True,False,False,False,True,True,72
86,87,True,True,False,False,False,False,False,False,False,True,True,False,94
59,64,False,False,False,False,False,True,False,False,False,False,True,True,45
70,76,True,False,False,True,False,True,False,False,False,False,False,False,61
72,68,False,True,False,False,False,False,True,False,False,False,False,True,60
91,88,False,False,True,False,False,False,False,False,False,True,True,True,77
90,92,False,False,False,False,False,False,False,False,False,True,True,False,85
90,93,False,False,False,True,False,True,False,False,False,False,False,True,78
52,51,True,False,False,False,True,False,False,False,True,False,False,False,49
87,82,False,True,False,False,False,False,True,False,False,False,False,True,71
58,52,False,False,True,False,False,False,False,False,False,True,False,True,48
67,58,True,False,True,False,False,False,True,False,False,False,True,True,62
68,70,False,False,True,False,False,False,False,False,False,False,False,False,56
69,76,False,False,True,False,False,False,False,False,False,True,True,True,65
86,81,False,False,False,True,False,False,False,False,False,True,False,False,69
54,53,True,True,False,False,False,False,False,False,False,True,True,True,68
60,57,False,False,False,False,False,False,False,False,True,False,False,True,61
86,89,False,False,True,False,False,True,False,False,False,False,False,False,74
60,58,True,False,False,False,False,True,False,False,False,False,True,True,64
82,89,False,True,False,False,False,False,True,False,False,False,True,False,77
50,45,True,True,False,False,False,False,False,False,True,False,True,True,58
64,74,False,False,True,False,False,False,True,False,False,False,True,False,60
64,57,True,False,False,False,True,False,True,False,False,False,True,True,73
82,79,False,False,False,False,False,False,True,False,False,False,True,False,75
57,53,True,True,False,False,False,False,False,False,False,False,False,False,58
77,73,False,False,True,False,False,False,False,False,False,False,True,True,66
52,46,False,False,False,True,False,False,True,False,False,False,False,True,39
58,51,True,False,True,False,False,False,False,False,False,True,True,True,64
44,36,False,True,False,False,False,False,True,False,False,False,False,False,23
77,76,True,True,False,False,False,False,False,False,True,False,False,False,74
65,64,False,False,False,True,False,False,False,False,False,True,False,False,40
85,84,True,False,False,False,True,False,False,True,False,False,True,True,90
85,85,True,False,True,False,False,False,False,True,False,False,True,False,91
54,50,True,False,False,True,False,False,True,False,False,False,True,True,64
72,68,False,False,True,False,False,False,True,False,False,False,True,True,59
75,69,True,False,False,True,False,False,False,False,False,False,True,True,80
67,67,True,False,True,False,False,False,False,True,False,False,True,True,71
68,63,False,False,False,False,False,False,True,False,False,False,True,True,61
85,93,False,False,False,False,True,False,False,False,True,False,True,True,87
67,61,True,False,False,False,True,False,False,False,False,True,True,True,82
64,55,True,False,True,False,False,False,False,False,False,True,True,True,62
97,96,False,True,False,False,False,True,False,False,False,False,True,True,97
68,65,True,True,False,False,False,False,False,False,True,False,False,True,75
79,81,False,False,True,False,False,True,False,False,False,False,True,True,65
49,46,True,True,False,False,False,False,True,False,False,False,True,False,52
73,72,True,False,True,False,False,False,False,False,False,False,False,True,87
62,53,False,False,True,False,False,False,False,False,False,False,True,True,53
86,87,False,False,False,False,True,False,False,True,False,False,False,True,81
42,38,True,False,False,True,False,True,False,False,False,False,False,False,39
71,80,False,False,True,False,False,False,False,False,True,False,True,False,71
93,91,True,False,True,False,False,False,False,False,False,False,True,True,97
82,88,True,False,False,True,False,False,False,False,True,False,True,False,82
53,52,True,False,True,False,False,False,True,False,False,False,False,True,59
42,41,True,True,False,False,False,False,False,False,False,False,True,True,61
74,72,True,False,False,False,True,False,False,False,False,False,False,False,78
51,51,True,False,True,False,False,False,False,False,False,False,False,True,49
58,47,True,True,False,False,False,False,True,False,False,False,True,True,59
72,76,False,False,True,False,False,False,False,False,True,False,True,False,70
84,78,True,True,False,False,False,False,False,False,False,False,True,False,82
90,82,True,False,False,False,True,False,False,False,False,False,False,True,90
62,61,False,False,True,False,False,True,False,False,False,False,False,True,43
64,66,True,False,True,False,False,False,False,False,True,False,False,True,80
82,84,True,False,False,True,False,False,False,False,True,False,True,True,81
61,54,True,False,True,False,False,False,False,False,False,True,True,True,57
72,80,False,False,False,True,False,False,False,False,False,True,True,True,59
76,74,False,False,False,True,False,False,False,False,False,False,True,True,64
64,66,True,False,True,False,False,True,False,False,False,False,True,False,63
70,70,False,False,False,False,True,True,False,False,False,False,True,False,71
73,71,False,True,False,False,False,False,True,False,False,False,False,True,64
46,44,True,False,False,True,False,True,False,False,False,False,False,True,55
51,54,False,False,False,False,True,False,False,False,False,False,True,True,51
76,80,False,False,True,False,False,False,False,False,False,False,True,False,62
100,95,False,False,False,False,True,False,False,False,False,False,True,False,93
72,59,True,False,True,False,False,False,True,False,False,False,False,True,54
65,74,False,False,False,True,False,False,False,False,True,False,False,True,69
51,48,True,False,False,True,False,False,True,False,False,False,False,True,44
85,91,False,False,False,False,True,False,False,False,True,False,True,False,86
92,85,False,False,False,False,True,False,False,False,False,False,True,True,85
67,73,False,False,False,False,False,False,False,True,False,False,False,True,50
74,75,True,False,False,True,False,False,False,False,False,True,True,False,88
62,69,False,False,False,False,True,False,False,False,False,False,True,True,59
34,38,False,False,False,False,True,False,False,False,False,True,False,True,32
29,27,True,True,False,False,False,False,True,False,False,False,False,True,36
78,79,False,True,False,False,False,False,False,False,False,True,False,False,63
54,63,True,False,False,True,False,False,False,False,False,False,True,False,67
78,82,False,False,False,True,False,False,False,False,False,True,True,False,65
84,89,True,False,False,True,False,False,False,True,False,False,True,True,85
78,74,False,False,True,False,False,False,False,True,False,False,True,True,73
48,41,False,False,False,False,False,False,True,False,False,False,False,False,34
100,100,False,False,False,True,False,True,False,False,False,False,False,False,93
84,84,False,False,False,True,False,False,False,False,False,True,False,True,67
77,77,True,False,False,True,False,False,False,False,True,False,True,True,88
48,51,True,True,False,False,False,False,True,False,False,False,True,True,57
84,91,False,False,False,True,False,False,False,False,True,False,True,False,79
75,72,False,False,True,False,False,True,False,False,False,False,False,True,67
64,70,True,False,False,False,True,True,False,False,False,False,True,False,70
42,48,True,False,False,True,False,True,False,False,False,False,False,True,50
84,82,False,False,False,False,False,False,False,False,True,False,True,True,69
61,66,False,False,True,False,False,True,False,False,False,False,True,False,52
62,66,False,False,True,False,False,True,False,False,False,False,False,False,47
61,55,False,True,False,False,False,False,False,False,False,False,False,True,46
70,66,False,False,False,False,True,False,False,False,True,False,True,True,68
100,100,True,False,False,False,True,True,False,False,False,False,True,False,100
61,52,False,False,True,False,False,False,True,False,False,False,True,True,44
77,80,False,False,True,False,False,False,False,False,False,False,True,False,57
96,91,True,True,False,False,False,False,False,False,True,False,True,False,91
70,67,True,False,False,True,False,False,True,False,False,False,False,True,69
53,46,False,False,True,False,False,False,True,False,False,False,False,True,35
66,66,True,False,False,True,False,False,True,False,False,False,True,True,72
65,65,False,True,False,False,False,False,False,False,False,False,False,True,54
70,69,True,False,False,True,False,False,True,False,False,False,False,True,74
64,60,True,False,False,False,True,False,False,False,False,True,True,False,74
56,52,True,False,False,False,True,False,False,False,False,False,False,True,64
61,71,False,False,False,True,False,False,True,False,False,False,False,False,65
43,44,True,False,False,False,True,False,False,False,False,False,False,False,46
56,51,False,False,True,False,False,False,False,False,False,True,False,True,48
74,70,True,False,True,False,False,False,False,False,True,False,False,False,67
57,62,True,False,False,True,False,False,False,False,True,False,False,True,62
71,73,True,False,False,True,False,False,False,False,False,False,False,False,61
75,74,True,False,True,False,False,True,False,False,False,False,False,False,70
87,90,True,False,True,False,False,False,False,False,False,False,True,False,98
63,58,True,False,False,True,False,False,False,False,True,False,False,True,70
57,53,True,False,False,False,False,False,False,False,False,False,True,True,67
58,57,False,False,False,False,True,False,True,False,False,False,False,True,57
81,85,True,False,False,True,False,False,False,False,True,False,True,False,85
68,69,True,False,False,True,False,False,False,False,False,True,True,False,77
66,72,True,False,True,False,False,False,False,True,False,False,False,False,72
91,96,False,False,False,True,False,False,False,True,False,False,True,True,78
66,64,True,False,True,False,False,False,True,False,False,False,True,True,81
62,61,True,False,False,False,False,False,False,False,False,True,False,False,61
68,61,False,True,False,False,False,False,True,False,False,False,True,True,58
61,58,False,False,True,False,False,False,False,False,False,False,True,True,54
82,80,True,True,False,False,False,False,True,False,False,False,True,True,82
58,60,False,False,False,True,False,False,False,False,True,False,False,True,49
50,52,True,True,False,False,False,False,False,False,False,True,False,False,49
75,73,False,False,False,False,True,False,True,False,False,False,False,False,57
73,71,True,False,False,False,True,False,True,False,False,False,True,True,94
77,83,False,False,False,True,False,False,False,False,True,False,True,False,75
74,72,False,False,False,False,True,False,False,False,False,True,False,True,74
52,54,True,False,True,False,False,False,True,False,False,False,True,False,58
69,69,False,False,True,False,False,False,False,False,True,False,True,True,62
57,62,True,False,False,False,True,False,False,False,False,False,True,True,72
87,81,True,False,True,False,False,False,False,False,True,False,True,True,84
100,100,False,False,False,True,False,False,False,True,False,False,True,True,92
63,59,False,False,False,True,False,False,True,False,False,False,True,True,45
81,71,True,False,True,False,False,False,True,False,False,False,True,True,75
58,64,False,False,False,False,False,False,False,False,True,False,True,True,56
54,53,False,False,False,True,False,False,False,False,False,True,False,True,48
100,100,False,False,False,False,True,False,False,False,False,False,True,True,100
76,75,False,False,True,False,False,False,False,False,False,True,False,False,65
57,58,True,False,False,True,False,False,False,False,True,False,True,True,72
70,72,False,False,False,True,False,False,False,False,True,False,True,True,62
68,64,True,False,False,False,False,False,False,False,False,True,True,False,66
63,60,True,False,True,False,False,False,False,False,True,False,True,True,63
76,67,False,False,False,False,True,False,False,False,False,False,True,True,68
84,80,False,True,False,False,False,True,False,False,False,False,True,True,75
100,100,False,False,False,True,False,True,False,False,False,False,True,True,89
72,69,True,False,True,False,False,False,False,False,False,True,True,False,78
50,60,False,False,False,False,False,False,True,False,False,False,False,False,53
65,61,False,False,False,True,False,False,False,False,True,False,False,True,49
63,67,False,False,False,False,False,False,False,False,True,False,True,True,54
82,77,False,False,True,False,False,False,False,False,True,False,True,False,64
62,60,True,True,False,False,False,False,False,False,True,False,False,False,60
65,58,True,False,True,False,False,False,False,False,False,False,True,True,62
41,48,True,False,False,True,False,False,True,False,False,False,True,False,55
95,94,False,False,True,False,False,False,False,False,False,False,True,True,91
24,23,False,True,False,False,False,False,True,False,False,False,False,True,8
78,78,True,False,False,True,False,False,False,False,False,True,True,True,81
85,86,True,True,False,False,False,False,False,False,False,True,True,False,79
87,91,False,False,False,False,False,False,False,False,True,False,True,False,78
75,82,False,False,True,False,False,False,False,False,False,True,True,True,74
51,54,True,False,False,False,False,False,True,False,False,False,True,True,57
59,51,False,False,True,False,False,False,False,False,False,False,True,True,40
75,76,True,False,False,False,True,False,False,False,False,True,True,False,81
45,45,False,False,False,False,False,False,False,False,False,True,False,True,44
86,83,False,False,False,True,False,False,False,False,True,False,False,False,67
81,75,True,False,False,False,True,False,True,False,False,False,False,False,86
82,78,False,True,False,False,False,False,False,False,False,True,True,False,65
76,76,False,False,False,True,False,False,False,False,False,False,False,True,55
72,74,False,False,False,True,False,True,False,False,False,False,False,True,62
63,62,True,False,False,False,False,False,True,False,False,False,True,True,63
99,95,False,False,False,False,True,False,False,True,False,False,True,False,88
55,55,True,False,True,False,False,False,True,False,False,False,False,True,62
71,65,False,False,True,False,False,False,True,False,False,False,False,False,59
78,77,False,False,False,True,False,False,False,False,True,False,True,False,68
86,86,False,False,False,True,False,False,False,False,True,False,False,True,77
